strategy,scenario,phase,period_index,calendar_year,build_year,op_year,occupancy,it_kw,rent_eur_per_kw_month,gross_potential_revenue,revenue,opex,noi,capex,debt_draw,equity_draw,interest,principal,debt_service,debt_balance_end,terminal_or_sale_value,project_cashflow,equity_cashflow,dscr,discount_factor_project,discount_factor_equity,discounted_project_cf,discounted_equity_cf,cum_project_cf,cum_equity_cf
Build-to-exit,Base,Build,0,2026,1.0,,0.0,12000.0,57.0,0.0,0.0,0.0,0.0,-37200000.0,22320000.0,14880000.0,0.0,0.0,0.0,22320000.0,0.0,-37200000.0,-14880000.0,,1.0,1.0,-37200000.0,-14880000.0,-37200000.0,-14880000.0
Build-to-exit,Base,Build,1,2027,2.0,,0.0,12000.0,57.0,0.0,0.0,0.0,0.0,-24800000.0,14880000.0,9920000.0,0.0,0.0,0.0,37200000.0,0.0,-24800000.0,-9920000.0,,0.9174311926605504,0.8849557522123894,-22752293.57798165,-8778761.061946902,-62000000.0,-24800000.0
Build-to-exit,Base,Operate,2,2028,,1.0,0.3,12000.0,57.0,8208000.0,2462400.0,950000.0,1512400.0,0.0,0.0,0.0,2306400.0,1574024.4927398493,3880424.4927398493,35625975.50726015,0.0,1512400.0,-2368024.4927398493,0.3897511735712555,0.84167999326656,0.7831466833737961,1272956.8218163452,-1854510.527637129,-60487600.0,-27168024.49273985
Build-to-exit,Base,Operate,3,2029,,2.0,0.58,12000.0,57.0,8372160.0,4855852.8,973749.9999999999,3882102.8,0.0,0.0,0.0,2208810.4814501293,1671614.01128972,3880424.4927398493,33954361.49597043,0.0,3882102.8,1678.3072601505555,1.0004325060990855,0.7721834800610642,0.6930501622776957,2997695.6500588013,1163.1511189991772,-56605497.2,-27166346.185479697
Build-to-exit,Base,Operate,4,2030,,3.0,0.8,12000.0,57.0,8539603.2,6831682.56,998093.7499999999,5833588.81,0.0,0.0,0.0,2105170.4127501664,1775254.0799896829,3880424.4927398493,32179107.415980745,0.0,5833588.81,1953164.3172601503,1.5033377974276934,0.7084252110651963,0.6133187276793768,4132661.383991817,1197912.254010754,-50771908.39,-25213181.868219547
Build-to-exit,Base,Operate,5,2031,,4.0,0.9,12000.0,57.0,8710395.264,7839355.737600001,1023046.0937499997,6816309.643850001,0.0,0.0,0.0,1995104.6597908062,1885319.832949043,3880424.4927398493,30293787.583031703,95827870.43114829,102644180.07499829,68469967.99922675,1.756588655855332,0.6499313862983452,0.5427599359994485,66711674.25160062,37162755.449144594,51872271.68499829,43256786.1310072
