strategy,scenario,phase,period_index,calendar_year,build_year,op_year,occupancy,it_kw,rent_eur_per_kw_month,gross_potential_revenue,revenue,opex,noi,capex,debt_draw,equity_draw,interest,principal,debt_service,debt_balance_end,terminal_or_sale_value,project_cashflow,equity_cashflow,dscr,discount_factor_project,discount_factor_equity,discounted_project_cf,discounted_equity_cf,cum_project_cf,cum_equity_cf
Build-to-exit,Upside,Build,0,2026,1.0,,0.0,12000.0,61.56,0.0,0.0,0.0,0.0,-36084000.0,21650400.0,14433600.0,0.0,0.0,0.0,21650400.0,0.0,-36084000.0,-14433600.0,,1.0,1.0,-36084000.0,-14433600.0,-36084000.0,-14433600.0
Build-to-exit,Upside,Build,1,2027,2.0,,0.0,12000.0,61.56,0.0,0.0,0.0,0.0,-24056000.0,14433600.0,9622400.0,0.0,0.0,0.0,36084000.0,0.0,-24056000.0,-9622400.0,,0.9174311926605504,0.8849557522123894,-22069724.7706422,-8515398.230088497,-60140000.0,-24056000.0
Build-to-exit,Upside,Operate,2,2028,,1.0,0.32999999999999996,12000.0,61.56,8864640.0,2925331.1999999997,931000.0,1994331.1999999997,0.0,0.0,0.0,2092871.9999999998,1574038.1434273173,3666910.143427317,34509961.85657268,0.0,1994331.1999999997,-1672578.9434273173,0.5438723944666876,0.84167999326656,0.7831466833737961,1678588.67098729,-1309874.6522259517,-58145668.8,-25728578.943427317
Build-to-exit,Upside,Operate,3,2029,,2.0,0.61,12000.0,61.56,9041932.8,5515579.008,954274.9999999999,4561304.008,0.0,0.0,0.0,2001577.7876812152,1665332.3557461018,3666910.143427317,32844629.50082658,0.0,4561304.008,894393.8645726833,1.2439094031730835,0.7721834800610642,0.6930501622776957,3522163.6025139205,619859.8129822735,-53584364.791999996,-24834185.078854635
Build-to-exit,Upside,Operate,4,2030,,3.0,0.8300000000000001,12000.0,61.56,9222771.456,7654900.308480001,978131.8749999999,6676768.433480001,0.0,0.0,0.0,1904988.5110479414,1761921.6323793756,3666910.143427317,31082707.868447203,0.0,6676768.433480001,3009858.290052684,1.8208159383037097,0.7084252110651963,0.6133187276793768,4729991.08672151,1846002.4569503367,-46907596.35851999,-21824326.788801953
Build-to-exit,Upside,Operate,5,2031,,4.0,0.93,12000.0,61.56,9407226.88512,8748721.003161602,1002585.1718749997,7746135.831286602,0.0,0.0,0.0,1802797.0563699377,1864113.0870573793,3666910.143427317,29218594.781389825,116978453.66004382,124724589.49133042,91839084.56651329,2.112442227462545,0.6499313862983452,0.5427599359994485,81062425.3535924,49846575.66156869,77816993.13281041,70014757.77771133
