Strategy,NPV_P10,NPV_P50,NPV_P90,EqIRR_P10,EqIRR_P50,EqIRR_P90,Prob_NPV_lt_0,Prob_EqIRR_lt_Hurdle
Turnkey,28408.42275715671,11476496.421047892,21778364.66325273,0.1173701195573514,0.13711510562624035,0.15415871262126346,0.1,0.835
Powered Shell,6795656.391481164,12668335.424716186,17910236.896316484,0.13799397168822153,0.15651077700165794,0.17290285798661395,0.001,0.318
Build-to-exit,-1683986.9585428007,5852719.1784948185,12471460.633153036,0.1155623141175506,0.17268024423802236,0.21878503080682524,0.155,0.298
