variable,npv_delta
rent_-10pct,-16673734.128169
capex_+10pct,-11547407.407407418
occupancy_-5pts,-9302305.257937014
exit_yield_+100bps,-7551634.33878085
debt_+100bps,0.0
exit_yield_-50bps,4682013.290044121
capex_-5pct,5773703.703703709
rent_+10pct,16673734.128169008
