variable,npv_delta
rent_-10pct,-9628248.472782228
capex_+10pct,-6016296.29629628
occupancy_-5pts,-5736619.013863433
exit_yield_+100bps,-3929613.776254881
debt_+100bps,0.0
exit_yield_-50bps,2401430.6410446614
capex_-5pct,3008148.1481481567
rent_+10pct,9628248.472782217
