variable,npv_delta
rent_-10pct,-8905480.462695546
capex_+10pct,-5531111.111111116
occupancy_-5pts,-5169840.5214504525
exit_yield_+100bps,-3590752.117569633
debt_+100bps,0.0
exit_yield_-50bps,2180099.4999529943
capex_-5pct,2765555.5555555522
rent_+10pct,8905480.462695554
