variable,npv_delta
rent_-10pct,-8110325.857533682
capex_+10pct,-5511743.1192660555
occupancy_-5pts,-4738501.785620958
exit_yield_+100bps,-4609888.2638634965
debt_+100bps,0.0
capex_-5pct,2755871.559633024
exit_yield_-50bps,2798860.7316314057
rent_+10pct,8110325.857533667
